{
  "metadata": {
    "total_movies_processed": 688,
    "movies_with_2160p": 675,
    "target_efficiency": 0.55,
    "total_tiers": 6
  },
  "tier_statistics": {
    "1": {
      "groups": 8,
      "total_releases": 701,
      "avg_score": 91.04,
      "avg_efficiency": 56.62,
      "avg_std_dev": 0.118
    },
    "2": {
      "groups": 4,
      "total_releases": 81,
      "avg_score": 81.73,
      "avg_efficiency": 52.5,
      "avg_std_dev": 0.125
    },
    "3": {
      "groups": 8,
      "total_releases": 125,
      "avg_score": 73.37,
      "avg_efficiency": 55.0,
      "avg_std_dev": 0.115
    },
    "4": {
      "groups": 7,
      "total_releases": 298,
      "avg_score": 62.16,
      "avg_efficiency": 52.14,
      "avg_std_dev": 0.086
    },
    "5": {
      "groups": 44,
      "total_releases": 415,
      "avg_score": 34.15,
      "avg_efficiency": 45.98,
      "avg_std_dev": 0.051
    },
    "6": {
      "groups": 15,
      "total_releases": 15,
      "avg_score": 2.06,
      "avg_efficiency": 36.8,
      "avg_std_dev": 0.0
    }
  },
  "tiered_groups": [
    {
      "tier": 1,
      "name": "DON",
      "score": 97.28,
      "efficiency": 55.0,
      "releases": 30,
      "std_dev": 0.097,
      "efficiency_delta": 0.0
    },
    {
      "tier": 1,
      "name": "DEPTH",
      "score": 94.93,
      "efficiency": 54.0,
      "releases": 37,
      "std_dev": 0.119,
      "efficiency_delta": 1.0000000000000009
    },
    {
      "tier": 1,
      "name": "HQMUX",
      "score": 91.4,
      "efficiency": 52.0,
      "releases": 48,
      "std_dev": 0.099,
      "efficiency_delta": 3.0000000000000027
    },
    {
      "tier": 1,
      "name": "b0mbardiers",
      "score": 91.14,
      "efficiency": 58.0,
      "releases": 31,
      "std_dev": 0.111,
      "efficiency_delta": 2.9999999999999916
    },
    {
      "tier": 1,
      "name": "CtrlHD",
      "score": 90.47,
      "efficiency": 58.0,
      "releases": 369,
      "std_dev": 0.144,
      "efficiency_delta": 2.9999999999999916
    },
    {
      "tier": 1,
      "name": "PTer",
      "score": 88.65,
      "efficiency": 57.0,
      "releases": 16,
      "std_dev": 0.15,
      "efficiency_delta": 1.9999999999999907
    },
    {
      "tier": 1,
      "name": "SA89",
      "score": 87.4,
      "efficiency": 59.0,
      "releases": 21,
      "std_dev": 0.097,
      "efficiency_delta": 3.9999999999999925
    },
    {
      "tier": 1,
      "name": "W4NK3R",
      "score": 87.02,
      "efficiency": 60.0,
      "releases": 149,
      "std_dev": 0.13,
      "efficiency_delta": 4.999999999999993
    },
    {
      "tier": 2,
      "name": "BSTD",
      "score": 85,
      "efficiency": 54.0,
      "releases": 11,
      "std_dev": 0.102,
      "efficiency_delta": 1.0000000000000009
    },
    {
      "tier": 2,
      "name": "c0kE",
      "score": 85,
      "efficiency": 55.0,
      "releases": 11,
      "std_dev": 0.108,
      "efficiency_delta": 0.0
    },
    {
      "tier": 2,
      "name": "D-Z0N3",
      "score": 81.94,
      "efficiency": 51.0,
      "releases": 10,
      "std_dev": 0.169,
      "efficiency_delta": 4.0000000000000036
    },
    {
      "tier": 2,
      "name": "MainFrame",
      "score": 75,
      "efficiency": 50.0,
      "releases": 49,
      "std_dev": 0.12,
      "efficiency_delta": 5.000000000000004
    },
    {
      "tier": 3,
      "name": "JustWatch",
      "score": 75,
      "efficiency": 54.0,
      "releases": 7,
      "std_dev": 0.086,
      "efficiency_delta": 1.0000000000000009
    },
    {
      "tier": 3,
      "name": "DEFLATE",
      "score": 75,
      "efficiency": 57.0,
      "releases": 9,
      "std_dev": 0.069,
      "efficiency_delta": 1.9999999999999907
    },
    {
      "tier": 3,
      "name": "REBORN",
      "score": 74.91,
      "efficiency": 56.0,
      "releases": 5,
      "std_dev": 0.136,
      "efficiency_delta": 1.0000000000000009
    },
    {
      "tier": 3,
      "name": "SURCODE",
      "score": 73.14,
      "efficiency": 50.0,
      "releases": 14,
      "std_dev": 0.106,
      "efficiency_delta": 5.000000000000004
    },
    {
      "tier": 3,
      "name": "Chotab",
      "score": 72.9,
      "efficiency": 51.0,
      "releases": 9,
      "std_dev": 0.095,
      "efficiency_delta": 4.0000000000000036
    },
    {
      "tier": 3,
      "name": "SPHD",
      "score": 72.48,
      "efficiency": 63.0,
      "releases": 65,
      "std_dev": 0.099,
      "efficiency_delta": 7.9999999999999964
    },
    {
      "tier": 3,
      "name": "Kitsune",
      "score": 71.83,
      "efficiency": 51.0,
      "releases": 9,
      "std_dev": 0.146,
      "efficiency_delta": 4.0000000000000036
    },
    {
      "tier": 3,
      "name": "TnP",
      "score": 71.7,
      "efficiency": 58.0,
      "releases": 7,
      "std_dev": 0.186,
      "efficiency_delta": 2.9999999999999916
    },
    {
      "tier": 4,
      "name": "4KDVS",
      "score": 65,
      "efficiency": 58.0,
      "releases": 4,
      "std_dev": 0.097,
      "efficiency_delta": 2.9999999999999916
    },
    {
      "tier": 4,
      "name": "TDD",
      "score": 65,
      "efficiency": 54.0,
      "releases": 2,
      "std_dev": 0.0,
      "efficiency_delta": 1.0000000000000009
    },
    {
      "tier": 4,
      "name": "NCmt",
      "score": 65,
      "efficiency": 54.0,
      "releases": 3,
      "std_dev": 0.029,
      "efficiency_delta": 1.0000000000000009
    },
    {
      "tier": 4,
      "name": "IAMABLE",
      "score": 63.31,
      "efficiency": 45.0,
      "releases": 261,
      "std_dev": 0.146,
      "efficiency_delta": 10.000000000000004
    },
    {
      "tier": 4,
      "name": "BlzT",
      "score": 60.85,
      "efficiency": 45.0,
      "releases": 17,
      "std_dev": 0.105,
      "efficiency_delta": 10.000000000000004
    },
    {
      "tier": 4,
      "name": "WATCHABLE",
      "score": 58.39,
      "efficiency": 60.0,
      "releases": 2,
      "std_dev": 0.042,
      "efficiency_delta": 4.999999999999993
    },
    {
      "tier": 4,
      "name": "iFT",
      "score": 57.58,
      "efficiency": 49.0,
      "releases": 9,
      "std_dev": 0.18,
      "efficiency_delta": 6.000000000000005
    },
    {
      "tier": 5,
      "name": "SoLaR",
      "score": 54.84,
      "efficiency": 63.0,
      "releases": 8,
      "std_dev": 0.114,
      "efficiency_delta": 7.9999999999999964
    },
    {
      "tier": 5,
      "name": "SMAHAWUG",
      "score": 53.0,
      "efficiency": 55.0,
      "releases": 1,
      "std_dev": 0,
      "efficiency_delta": 0.0
    },
    {
      "tier": 5,
      "name": "MiMiC",
      "score": 53.0,
      "efficiency": 55.0,
      "releases": 1,
      "std_dev": 0,
      "efficiency_delta": 0.0
    },
    {
      "tier": 5,
      "name": "HypStu",
      "score": 51.57,
      "efficiency": 48.0,
      "releases": 3,
      "std_dev": 0.006,
      "efficiency_delta": 7.000000000000006
    },
    {
      "tier": 5,
      "name": "KAN3D2M",
      "score": 50.93,
      "efficiency": 56.0,
      "releases": 1,
      "std_dev": 0,
      "efficiency_delta": 1.0000000000000009
    },
    {
      "tier": 5,
      "name": "FRDS",
      "score": 50.93,
      "efficiency": 56.0,
      "releases": 1,
      "std_dev": 0,
      "efficiency_delta": 1.0000000000000009
    },
    {
      "tier": 5,
      "name": "EDPH",
      "score": 50.6,
      "efficiency": 48.0,
      "releases": 3,
      "std_dev": 0.04,
      "efficiency_delta": 7.000000000000006
    },
    {
      "tier": 5,
      "name": "PussyFoot",
      "score": 48.92,
      "efficiency": 53.0,
      "releases": 1,
      "std_dev": 0,
      "efficiency_delta": 2.0000000000000018
    },
    {
      "tier": 5,
      "name": "KNiVES",
      "score": 48.92,
      "efficiency": 53.0,
      "releases": 1,
      "std_dev": 0,
      "efficiency_delta": 2.0000000000000018
    },
    {
      "tier": 5,
      "name": "STRiKES",
      "score": 45.92,
      "efficiency": 45.0,
      "releases": 7,
      "std_dev": 0.116,
      "efficiency_delta": 10.000000000000004
    },
    {
      "tier": 5,
      "name": "TOMBCRUISE",
      "score": 45.08,
      "efficiency": 51.0,
      "releases": 1,
      "std_dev": 0,
      "efficiency_delta": 4.0000000000000036
    },
    {
      "tier": 5,
      "name": "CMCT",
      "score": 45.08,
      "efficiency": 51.0,
      "releases": 1,
      "std_dev": 0,
      "efficiency_delta": 4.0000000000000036
    },
    {
      "tier": 5,
      "name": "TERMiNAL",
      "score": 45,
      "efficiency": 42.0,
      "releases": 209,
      "std_dev": 0.146,
      "efficiency_delta": 13.000000000000005
    },
    {
      "tier": 5,
      "name": "WhiteRhino",
      "score": 45,
      "efficiency": 41.0,
      "releases": 74,
      "std_dev": 0.153,
      "efficiency_delta": 14.000000000000007
    },
    {
      "tier": 5,
      "name": "ReaLHD",
      "score": 45,
      "efficiency": 38.0,
      "releases": 14,
      "std_dev": 0.069,
      "efficiency_delta": 17.000000000000004
    },
    {
      "tier": 5,
      "name": "EMERALD",
      "score": 43.65,
      "efficiency": 38.0,
      "releases": 11,
      "std_dev": 0.106,
      "efficiency_delta": 17.000000000000004
    },
    {
      "tier": 5,
      "name": "ULTRAHDCLUB",
      "score": 41.27,
      "efficiency": 64.0,
      "releases": 3,
      "std_dev": 0.081,
      "efficiency_delta": 8.999999999999996
    },
    {
      "tier": 5,
      "name": "CHD",
      "score": 40.83,
      "efficiency": 47.0,
      "releases": 3,
      "std_dev": 0.184,
      "efficiency_delta": 8.000000000000007
    },
    {
      "tier": 5,
      "name": "SWTYBLZ",
      "score": 40.61,
      "efficiency": 36.0,
      "releases": 11,
      "std_dev": 0.134,
      "efficiency_delta": 19.000000000000007
    },
    {
      "tier": 5,
      "name": "LAZARUS",
      "score": 39.6,
      "efficiency": 66.0,
      "releases": 3,
      "std_dev": 0.025,
      "efficiency_delta": 10.999999999999998
    },
    {
      "tier": 5,
      "name": "ESiR",
      "score": 37.78,
      "efficiency": 64.0,
      "releases": 2,
      "std_dev": 0.0,
      "efficiency_delta": 8.999999999999996
    },
    {
      "tier": 5,
      "name": "beAst",
      "score": 35.08,
      "efficiency": 42.0,
      "releases": 6,
      "std_dev": 0.146,
      "efficiency_delta": 13.000000000000005
    },
    {
      "tier": 5,
      "name": "WiKi",
      "score": 34.32,
      "efficiency": 46.0,
      "releases": 2,
      "std_dev": 0.141,
      "efficiency_delta": 9.000000000000002
    },
    {
      "tier": 5,
      "name": "SPECTACLE",
      "score": 31.47,
      "efficiency": 49.0,
      "releases": 1,
      "std_dev": 0,
      "efficiency_delta": 6.000000000000005
    },
    {
      "tier": 5,
      "name": "spectacle",
      "score": 31.47,
      "efficiency": 49.0,
      "releases": 1,
      "std_dev": 0,
      "efficiency_delta": 6.000000000000005
    },
    {
      "tier": 5,
      "name": "HD77",
      "score": 31.47,
      "efficiency": 49.0,
      "releases": 1,
      "std_dev": 0,
      "efficiency_delta": 6.000000000000005
    },
    {
      "tier": 5,
      "name": "k00kie",
      "score": 31.47,
      "efficiency": 61.0,
      "releases": 1,
      "std_dev": 0,
      "efficiency_delta": 5.999999999999995
    },
    {
      "tier": 5,
      "name": "HDS",
      "score": 30.34,
      "efficiency": 37.0,
      "releases": 9,
      "std_dev": 0.156,
      "efficiency_delta": 18.000000000000004
    },
    {
      "tier": 5,
      "name": "ADE",
      "score": 29.8,
      "efficiency": 37.0,
      "releases": 5,
      "std_dev": 0.048,
      "efficiency_delta": 18.000000000000004
    },
    {
      "tier": 5,
      "name": "VALiS",
      "score": 29.74,
      "efficiency": 48.0,
      "releases": 1,
      "std_dev": 0,
      "efficiency_delta": 7.000000000000006
    },
    {
      "tier": 5,
      "name": "iNVANDRAREN",
      "score": 28.77,
      "efficiency": 38.0,
      "releases": 5,
      "std_dev": 0.149,
      "efficiency_delta": 17.000000000000004
    },
    {
      "tier": 5,
      "name": "BiTOR",
      "score": 25.73,
      "efficiency": 42.0,
      "releases": 2,
      "std_dev": 0.035,
      "efficiency_delta": 13.000000000000005
    },
    {
      "tier": 5,
      "name": "HDmux",
      "score": 25.45,
      "efficiency": 43.0,
      "releases": 2,
      "std_dev": 0.106,
      "efficiency_delta": 12.000000000000005
    },
    {
      "tier": 5,
      "name": "ReQuEsT",
      "score": 24.14,
      "efficiency": 41.0,
      "releases": 2,
      "std_dev": 0.042,
      "efficiency_delta": 14.000000000000007
    },
    {
      "tier": 5,
      "name": "Absinth",
      "score": 21.76,
      "efficiency": 32.0,
      "releases": 5,
      "std_dev": 0.154,
      "efficiency_delta": 23.000000000000004
    },
    {
      "tier": 5,
      "name": "AViATOR",
      "score": 21.37,
      "efficiency": 38.0,
      "releases": 2,
      "std_dev": 0.0,
      "efficiency_delta": 17.000000000000004
    },
    {
      "tier": 5,
      "name": "Tron",
      "score": 19.86,
      "efficiency": 45.0,
      "releases": 1,
      "std_dev": 0,
      "efficiency_delta": 10.000000000000004
    },
    {
      "tier": 5,
      "name": "HDChina",
      "score": 17.76,
      "efficiency": 35.0,
      "releases": 2,
      "std_dev": 0.0,
      "efficiency_delta": 20.000000000000007
    },
    {
      "tier": 5,
      "name": "SWAGGERUHD",
      "score": 11.84,
      "efficiency": 43.0,
      "releases": 1,
      "std_dev": 0,
      "efficiency_delta": 12.000000000000005
    },
    {
      "tier": 5,
      "name": "AAAUHD",
      "score": 10.48,
      "efficiency": 28.0,
      "releases": 2,
      "std_dev": 0.0,
      "efficiency_delta": 27.0
    },
    {
      "tier": 5,
      "name": "GUHZER",
      "score": 8.7,
      "efficiency": 29.0,
      "releases": 2,
      "std_dev": 0.106,
      "efficiency_delta": 26.000000000000007
    },
    {
      "tier": 5,
      "name": "HUNTJR",
      "score": 7.63,
      "efficiency": 40.0,
      "releases": 1,
      "std_dev": 0,
      "efficiency_delta": 15.000000000000002
    },
    {
      "tier": 5,
      "name": "iCandy",
      "score": 7.63,
      "efficiency": 40.0,
      "releases": 1,
      "std_dev": 0,
      "efficiency_delta": 15.000000000000002
    },
    {
      "tier": 6,
      "name": "micius",
      "score": 6.31,
      "efficiency": 39.0,
      "releases": 1,
      "std_dev": 0,
      "efficiency_delta": 16.000000000000004
    },
    {
      "tier": 6,
      "name": "BOREDOR",
      "score": 6.31,
      "efficiency": 39.0,
      "releases": 1,
      "std_dev": 0,
      "efficiency_delta": 16.000000000000004
    },
    {
      "tier": 6,
      "name": "THREESOME",
      "score": 5.03,
      "efficiency": 38.0,
      "releases": 1,
      "std_dev": 0,
      "efficiency_delta": 17.000000000000004
    },
    {
      "tier": 6,
      "name": "Blzt",
      "score": 3.79,
      "efficiency": 37.0,
      "releases": 1,
      "std_dev": 0,
      "efficiency_delta": 18.000000000000004
    },
    {
      "tier": 6,
      "name": "LittleBakas",
      "score": 3.79,
      "efficiency": 37.0,
      "releases": 1,
      "std_dev": 0,
      "efficiency_delta": 18.000000000000004
    },
    {
      "tier": 6,
      "name": "PTH",
      "score": 2.59,
      "efficiency": 36.0,
      "releases": 1,
      "std_dev": 0,
      "efficiency_delta": 19.000000000000007
    },
    {
      "tier": 6,
      "name": "CHAOS",
      "score": 1.42,
      "efficiency": 35.0,
      "releases": 1,
      "std_dev": 0,
      "efficiency_delta": 20.000000000000007
    },
    {
      "tier": 6,
      "name": "Hares",
      "score": 1.42,
      "efficiency": 35.0,
      "releases": 1,
      "std_dev": 0,
      "efficiency_delta": 20.000000000000007
    },
    {
      "tier": 6,
      "name": "BLUEBIRD",
      "score": 0.28,
      "efficiency": 34.0,
      "releases": 1,
      "std_dev": 0,
      "efficiency_delta": 21.000000000000004
    },
    {
      "tier": 6,
      "name": "BeiTai",
      "score": 0,
      "efficiency": 30.0,
      "releases": 1,
      "std_dev": 0,
      "efficiency_delta": 25.000000000000007
    },
    {
      "tier": 6,
      "name": "FLAME",
      "score": 0,
      "efficiency": 31.0,
      "releases": 1,
      "std_dev": 0,
      "efficiency_delta": 24.000000000000004
    },
    {
      "tier": 6,
      "name": "UHDCLUBREMUX",
      "score": 0,
      "efficiency": 82.0,
      "releases": 1,
      "std_dev": 0,
      "efficiency_delta": 26.99999999999999
    },
    {
      "tier": 6,
      "name": "invandraren",
      "score": 0,
      "efficiency": 26.0,
      "releases": 1,
      "std_dev": 0,
      "efficiency_delta": 29.000000000000004
    },
    {
      "tier": 6,
      "name": "dkore",
      "score": 0,
      "efficiency": 22.0,
      "releases": 1,
      "std_dev": 0,
      "efficiency_delta": 33.00000000000001
    },
    {
      "tier": 6,
      "name": "Lucifer",
      "score": 0,
      "efficiency": 31.0,
      "releases": 1,
      "std_dev": 0,
      "efficiency_delta": 24.000000000000004
    }
  ],
  "tier_boundaries": [85, 75, 65, 55, 6.52999999999999]
}
