[
  {
    "name": "1080p Balanced",
    "description": "1080p Balanced targets consistent & immutable 1080p **WEB-DLs** with fallback to transparent x264 encodes, prioritised using the **Golden Popcorn Performance Index**.\n\n- Special considerations are given to **Balanced** groups who prioritize **streaming optimisation** over quality, falling somewhere around a tier 2 WEB-DL. This includes groups like **BHDStudio** and **hallowed**.\n- If no 1080p release can be found, the profile will fall back to SD releases - DVD remuxes  / encodes. ",
    "tags": [
      "1080p",
      "x264",
      "Lossy Audio",
      "Balanced Focused"
    ],
    "upgradesAllowed": true,
    "minCustomFormatScore": 0,
    "upgradeUntilScore": 320,
    "minScoreIncrement": 1,
    "custom_formats": [
      {
        "name": "1080p",
        "score": 220
      },
      {
        "name": "Disney+",
        "score": 220
      },
      {
        "name": "Movies Anywhere",
        "score": 220
      },
      {
        "name": "Amazon Prime",
        "score": 210
      },
      {
        "name": "Apple TV+",
        "score": 210
      },
      {
        "name": "Criterion Channel",
        "score": 210
      },
      {
        "name": "HBO Max",
        "score": 210
      },
      {
        "name": "Max",
        "score": 210
      },
      {
        "name": "Netflix",
        "score": 210
      },
      {
        "name": "Paramount+",
        "score": 210
      },
      {
        "name": "Peacock",
        "score": 210
      },
      {
        "name": "iTunes (Missing)",
        "score": 200
      },
      {
        "name": "1080p Balanced Tier 1",
        "score": 170
      },
      {
        "name": "1080p Balanced Tier 2",
        "score": 160
      },
      {
        "name": "1080p Quality Tier 1",
        "score": 90
      },
      {
        "name": "Hulu",
        "score": 90
      },
      {
        "name": "iTunes",
        "score": 90
      },
      {
        "name": "Roku",
        "score": 90
      },
      {
        "name": "1080p Quality Tier 2",
        "score": 80
      },
      {
        "name": "1080p Quality Tier 3",
        "score": 70
      },
      {
        "name": "1080p Golden Popcorn",
        "score": 60
      },
      {
        "name": "1080p Quality Tier 4",
        "score": 60
      },
      {
        "name": "1080p Quality Tier 5",
        "score": 50
      },
      {
        "name": "DVD Remux",
        "score": 40
      },
      {
        "name": "SD Golden Popcorn",
        "score": 30
      },
      {
        "name": "SD Quality Tier 1",
        "score": 30
      },
      {
        "name": "Scene",
        "score": 20
      },
      {
        "name": "SD Quality Tier 2",
        "score": 20
      },
      {
        "name": "Atmos",
        "score": 10
      },
      {
        "name": "Atmos (Missing)",
        "score": 10
      },
      {
        "name": "Blu-ray",
        "score": 10
      },
      {
        "name": "Special Edition",
        "score": 10
      },
      {
        "name": "WEBRip",
        "score": 10
      },
      {
        "name": "x264",
        "score": 10
      },
      {
        "name": "Repack3",
        "score": 8
      },
      {
        "name": "Repack2",
        "score": 7
      },
      {
        "name": "Repack1",
        "score": 6
      },
      {
        "name": "2160p",
        "score": -9999
      },
      {
        "name": "3D",
        "score": -9999
      },
      {
        "name": "720p",
        "score": -9999
      },
      {
        "name": "720p Golden Popcorn",
        "score": -9999
      },
      {
        "name": "B&W",
        "score": -9999
      },
      {
        "name": "BeyondHD",
        "score": -9999
      },
      {
        "name": "Blu-ray Remux",
        "score": -9999
      },
      {
        "name": "Dolby Vision",
        "score": -9999
      },
      {
        "name": "Extras",
        "score": -9999
      },
      {
        "name": "Full Disc",
        "score": -9999
      },
      {
        "name": "Full Disc (Quality Match)",
        "score": -9999
      },
      {
        "name": "h265",
        "score": -9999
      },
      {
        "name": "h265 (Missing)",
        "score": -9999
      },
      {
        "name": "HDR10",
        "score": -9999
      },
      {
        "name": "HDR10 (Missing)",
        "score": -9999
      },
      {
        "name": "HDR10+",
        "score": -9999
      },
      {
        "name": "Remux",
        "score": -9999
      },
      {
        "name": "SD Bluray Encodes",
        "score": -9999
      },
      {
        "name": "Upscaled",
        "score": -9999
      },
      {
        "name": "x265",
        "score": -9999
      },
      {
        "name": "x265 (Missing)",
        "score": -9999
      }
    ],
    "qualities": [
      {
        "id": -1,
        "name": "Balanced capable",
        "description": "Balanced capable releases. Typically WEB-DL would be the overwhelming majority of releases, but there are occasional streaming optimised encodes that should be preferred.",
        "qualities": [
          {
            "id": 10,
            "name": "Bluray-1080p"
          },
          {
            "id": 11,
            "name": "WEBRip-1080p"
          },
          {
            "id": 9,
            "name": "WEBDL-1080p"
          }
        ]
      },
      {
        "id": -2,
        "name": "SD",
        "description": "SD Fallbacks",
        "qualities": [
          {
            "id": 19,
            "name": "WEBDL-480p"
          },
          {
            "id": 20,
            "name": "WEBRip-480p"
          },
          {
            "id": 22,
            "name": "DVD"
          },
          {
            "id": 24,
            "name": "SDTV"
          }
        ]
      },
      {
        "id": -3,
        "name": "Prereleases",
        "description": "Low quality releases that come out before physical discs / streaming / VODs. Needs to be enabled for tweak to work. ",
        "qualities": [
          {
            "id": 29,
            "name": "CAM"
          },
          {
            "id": 26,
            "name": "Telesync"
          },
          {
            "id": 25,
            "name": "Telecine"
          },
          {
            "id": 23,
            "name": "DVDSCR"
          }
        ]
      }
    ],
    "upgrade_until": {
      "id": -1,
      "name": "Balanced capable",
      "description": "Balanced capable releases. Typically WEB-DL would be the overwhelming majority of releases, but there are occasional streaming optimised encodes that should be preferred."
    },
    "language": "must_original",
    "_id": "1080p Balanced"
  },
  {
    "name": "1080p Quality (HDR)",
    "description": "1080p Quality (HDR) utilizes the [**Golden Popcorn Performance Index**](https://dictionarry.dev/wiki/GPPi) to target **transparent x265 HDR** 1080p encodes. \n- 5 Quality tiers prioritise encodes with high 1080p GPPi scores, with fallback to the regular 1080p Quality profile (non HDR), then 1080p WEB-DLs and streaming optimised encodes (**BHDStudio & hallowed**).\n- **x265 is negated** but allowed, if and only if a reputable GPPi group has encoded it from a UHD Bluray source.\n- Non HDR x265 encodes are strictly forbidden in this profile\n- If no 1080p release can be found, the profile will fall back to SD releases - **DVD remuxes  / encodes**",
    "tags": [
      "1080p",
      "x264",
      "x265",
      "HDR",
      "Lossy Audio",
      "Quality Focused"
    ],
    "upgradesAllowed": true,
    "minCustomFormatScore": 0,
    "upgradeUntilScore": 320,
    "minScoreIncrement": 1,
    "custom_formats": [
      {
        "name": "UHD Bluray",
        "score": 350
      },
      {
        "name": "UHD Bluray (Missing)",
        "score": 350
      },
      {
        "name": "1080p Golden Popcorn",
        "score": 120
      },
      {
        "name": "1080p Quality Tier 1",
        "score": 120
      },
      {
        "name": "1080p Quality Tier 2",
        "score": 110
      },
      {
        "name": "1080p Quality Tier 3",
        "score": 100
      },
      {
        "name": "1080p Quality Tier 4",
        "score": 90
      },
      {
        "name": "1080p Quality Tier 5",
        "score": 80
      },
      {
        "name": "1080p",
        "score": 60
      },
      {
        "name": "Amazon Prime",
        "score": 60
      },
      {
        "name": "Apple TV+",
        "score": 60
      },
      {
        "name": "Disney+",
        "score": 60
      },
      {
        "name": "Movies Anywhere",
        "score": 60
      },
      {
        "name": "1080p Balanced Tier 1",
        "score": 50
      },
      {
        "name": "Criterion Channel",
        "score": 50
      },
      {
        "name": "HBO Max",
        "score": 50
      },
      {
        "name": "Max",
        "score": 50
      },
      {
        "name": "Netflix",
        "score": 50
      },
      {
        "name": "Paramount+",
        "score": 50
      },
      {
        "name": "Peacock",
        "score": 50
      },
      {
        "name": "1080p Balanced Tier 2",
        "score": 40
      },
      {
        "name": "DVD Remux",
        "score": 40
      },
      {
        "name": "Hulu",
        "score": 40
      },
      {
        "name": "iTunes",
        "score": 40
      },
      {
        "name": "iTunes (Missing)",
        "score": 40
      },
      {
        "name": "Roku",
        "score": 40
      },
      {
        "name": "Dolby Vision",
        "score": 30
      },
      {
        "name": "SD Golden Popcorn",
        "score": 30
      },
      {
        "name": "SD Quality Tier 1",
        "score": 30
      },
      {
        "name": "HDR10+",
        "score": 20
      },
      {
        "name": "Scene",
        "score": 20
      },
      {
        "name": "SD Quality Tier 2",
        "score": 20
      },
      {
        "name": "Atmos",
        "score": 10
      },
      {
        "name": "Atmos (Missing)",
        "score": 10
      },
      {
        "name": "Blu-ray",
        "score": 10
      },
      {
        "name": "HDR10",
        "score": 10
      },
      {
        "name": "HDR10 (Missing)",
        "score": 10
      },
      {
        "name": "HDR10 (Missing) (1080p)",
        "score": 10
      },
      {
        "name": "Special Edition",
        "score": 10
      },
      {
        "name": "WEBRip",
        "score": 10
      },
      {
        "name": "x264",
        "score": 10
      },
      {
        "name": "Repack3",
        "score": 8
      },
      {
        "name": "Repack2",
        "score": 7
      },
      {
        "name": "Repack1",
        "score": 6
      },
      {
        "name": "x265",
        "score": -90
      },
      {
        "name": "2160p",
        "score": -9999
      },
      {
        "name": "3D",
        "score": -9999
      },
      {
        "name": "720p",
        "score": -9999
      },
      {
        "name": "720p Golden Popcorn",
        "score": -9999
      },
      {
        "name": "B&W",
        "score": -9999
      },
      {
        "name": "BeyondHD",
        "score": -9999
      },
      {
        "name": "Blu-ray Remux",
        "score": -9999
      },
      {
        "name": "Dolby Vision (Without Fallback)",
        "score": -9999
      },
      {
        "name": "Extras",
        "score": -9999
      },
      {
        "name": "Full Disc",
        "score": -9999
      },
      {
        "name": "Full Disc (Quality Match)",
        "score": -9999
      },
      {
        "name": "h265",
        "score": -9999
      },
      {
        "name": "h265 (Missing)",
        "score": -9999
      },
      {
        "name": "Remux",
        "score": -9999
      },
      {
        "name": "SD Bluray Encodes",
        "score": -9999
      },
      {
        "name": "Unwanted x265 Groups",
        "score": -9999
      },
      {
        "name": "Upscaled",
        "score": -9999
      },
      {
        "name": "x265 (Missing)",
        "score": -9999
      }
    ],
    "qualities": [
      {
        "id": -1,
        "name": "Transparent capable",
        "description": "All capable of being indistinguishable from source. WEB-DL included to not allow unknown encode to trump known WEB-DL.",
        "qualities": [
          {
            "id": 10,
            "name": "Bluray-1080p"
          },
          {
            "id": 9,
            "name": "WEBDL-1080p"
          },
          {
            "id": 11,
            "name": "WEBRip-1080p"
          }
        ]
      },
      {
        "id": -2,
        "name": "SD",
        "description": "SD Fallbacks",
        "qualities": [
          {
            "id": 19,
            "name": "WEBDL-480p"
          },
          {
            "id": 20,
            "name": "WEBRip-480p"
          },
          {
            "id": 22,
            "name": "DVD"
          },
          {
            "id": 24,
            "name": "SDTV"
          }
        ]
      }
    ],
    "upgrade_until": {
      "id": -1,
      "name": "Transparent capable",
      "description": "All capable of being indistinguishable from source. WEB-DL included to not allow unknown encode to trump known WEB-DL."
    },
    "language": "must_original",
    "_id": "1080p Quality (HDR)"
  },
  {
    "name": "1080p Quality",
    "description": "1080p Quality utilizes the [**Golden Popcorn Performance Index**](https://dictionarry.dev/wiki/GPPi) to target **transparent** x264 1080p encodes. \n- 5 Quality tiers prioritise encodes with high 1080p GPPi scores, with fallback to 1080p WEB-DLs and streaming optimised encodes (**BHDStudio & hallowed**).\n- If no 1080p release can be found, the profile will fall back to SD releases - **DVD remuxes  / encodes**",
    "tags": [
      "1080p",
      "x264",
      "Lossy Audio",
      "Quality Focused"
    ],
    "upgradesAllowed": true,
    "minCustomFormatScore": 0,
    "upgradeUntilScore": 320,
    "minScoreIncrement": 1,
    "custom_formats": [
      {
        "name": "1080p Golden Popcorn",
        "score": 160
      },
      {
        "name": "1080p Quality Tier 1",
        "score": 80
      },
      {
        "name": "1080p Quality Tier 2",
        "score": 70
      },
      {
        "name": "1080p",
        "score": 60
      },
      {
        "name": "1080p Quality Tier 3",
        "score": 60
      },
      {
        "name": "1080p Quality Tier 4",
        "score": 50
      },
      {
        "name": "1080p Quality Tier 5",
        "score": 40
      },
      {
        "name": "Amazon Prime",
        "score": 40
      },
      {
        "name": "Apple TV+",
        "score": 40
      },
      {
        "name": "Disney+",
        "score": 40
      },
      {
        "name": "DVD Remux",
        "score": 40
      },
      {
        "name": "Movies Anywhere",
        "score": 40
      },
      {
        "name": "Criterion Channel",
        "score": 30
      },
      {
        "name": "HBO Max",
        "score": 30
      },
      {
        "name": "Max",
        "score": 30
      },
      {
        "name": "Netflix",
        "score": 30
      },
      {
        "name": "Paramount+",
        "score": 30
      },
      {
        "name": "Peacock",
        "score": 30
      },
      {
        "name": "SD Golden Popcorn",
        "score": 30
      },
      {
        "name": "SD Quality Tier 1",
        "score": 30
      },
      {
        "name": "Hulu",
        "score": 20
      },
      {
        "name": "iTunes",
        "score": 20
      },
      {
        "name": "iTunes (Missing)",
        "score": 20
      },
      {
        "name": "Roku",
        "score": 20
      },
      {
        "name": "Scene",
        "score": 20
      },
      {
        "name": "SD Quality Tier 2",
        "score": 20
      },
      {
        "name": "1080p Balanced Tier 1",
        "score": 10
      },
      {
        "name": "1080p Balanced Tier 2",
        "score": 10
      },
      {
        "name": "Atmos",
        "score": 10
      },
      {
        "name": "Atmos (Missing)",
        "score": 10
      },
      {
        "name": "Blu-ray",
        "score": 10
      },
      {
        "name": "Special Edition",
        "score": 10
      },
      {
        "name": "WEBRip",
        "score": 10
      },
      {
        "name": "x264",
        "score": 10
      },
      {
        "name": "Repack3",
        "score": 8
      },
      {
        "name": "Repack2",
        "score": 7
      },
      {
        "name": "Repack1",
        "score": 6
      },
      {
        "name": "2160p",
        "score": -9999
      },
      {
        "name": "3D",
        "score": -9999
      },
      {
        "name": "720p",
        "score": -9999
      },
      {
        "name": "720p Golden Popcorn",
        "score": -9999
      },
      {
        "name": "B&W",
        "score": -9999
      },
      {
        "name": "BeyondHD",
        "score": -9999
      },
      {
        "name": "Blu-ray Remux",
        "score": -9999
      },
      {
        "name": "Dolby Vision",
        "score": -9999
      },
      {
        "name": "Extras",
        "score": -9999
      },
      {
        "name": "Full Disc",
        "score": -9999
      },
      {
        "name": "Full Disc (Quality Match)",
        "score": -9999
      },
      {
        "name": "h265",
        "score": -9999
      },
      {
        "name": "h265 (Missing)",
        "score": -9999
      },
      {
        "name": "HDR10",
        "score": -9999
      },
      {
        "name": "HDR10 (Missing)",
        "score": -9999
      },
      {
        "name": "HDR10+",
        "score": -9999
      },
      {
        "name": "Remux",
        "score": -9999
      },
      {
        "name": "SD Bluray Encodes",
        "score": -9999
      },
      {
        "name": "Upscaled",
        "score": -9999
      },
      {
        "name": "x265",
        "score": -9999
      },
      {
        "name": "x265 (Missing)",
        "score": -9999
      }
    ],
    "qualities": [
      {
        "id": -1,
        "name": "Transparent capable",
        "description": "All capable of being indistinguishable from source. WEB-DL included to not allow unknown encode to trump known WEB-DL.",
        "qualities": [
          {
            "id": 10,
            "name": "Bluray-1080p"
          },
          {
            "id": 9,
            "name": "WEBDL-1080p"
          },
          {
            "id": 11,
            "name": "WEBRip-1080p"
          }
        ]
      },
      {
        "id": -2,
        "name": "SD",
        "description": "SD Fallbacks",
        "qualities": [
          {
            "id": 19,
            "name": "WEBDL-480p"
          },
          {
            "id": 20,
            "name": "WEBRip-480p"
          },
          {
            "id": 22,
            "name": "DVD"
          },
          {
            "id": 24,
            "name": "SDTV"
          }
        ]
      }
    ],
    "upgrade_until": {
      "id": -1,
      "name": "Transparent capable",
      "description": "All capable of being indistinguishable from source. WEB-DL included to not allow unknown encode to trump known WEB-DL."
    },
    "language": "must_original",
    "_id": "1080p Quality"
  },
  {
    "name": "1080p Remux",
    "description": "1080p Remux utilizes **audio tags** to prioritise high quality lossless copies of HD Blu-rays.\n\n- Unlike the encode profiles, which target releases based on a release group metric, 1080p Remux avoids this to stop *circular downloads* where no discernable upgrade is found. \n- Instead, audio metrics such TrueHD, Atmos, DTS-X, etc are used to indicate when a remux should be upgraded.\n- This also helps to grab non group tagged remuxes, which are fairly common on quite a few trackers who often have the best remux available. \n- If no 1080p Remux cannot be found, the profile falls back to **1080p WEB-DLs**.\n- If no 1080p release can be found, the profile will fall back to SD releases - DVD remuxes  / encodes. ",
    "tags": [
      "1080p",
      "Remux",
      "Lossless Audio",
      "h264"
    ],
    "upgradesAllowed": true,
    "minCustomFormatScore": 0,
    "upgradeUntilScore": 350,
    "minScoreIncrement": 1,
    "custom_formats": [
      {
        "name": "1080p",
        "score": 60
      },
      {
        "name": "Blu-ray Remux",
        "score": 60
      },
      {
        "name": "DTS-X",
        "score": 60
      },
      {
        "name": "Remux",
        "score": 60
      },
      {
        "name": "DTS-HD MA",
        "score": 50
      },
      {
        "name": "TrueHD",
        "score": 50
      },
      {
        "name": "TrueHD (Missing)",
        "score": 50
      },
      {
        "name": "DVD Remux",
        "score": 40
      },
      {
        "name": "Amazon Prime",
        "score": 30
      },
      {
        "name": "Apple TV+",
        "score": 30
      },
      {
        "name": "Disney+",
        "score": 30
      },
      {
        "name": "FLAC",
        "score": 30
      },
      {
        "name": "Movies Anywhere",
        "score": 30
      },
      {
        "name": "Criterion Channel",
        "score": 20
      },
      {
        "name": "HBO Max",
        "score": 20
      },
      {
        "name": "Max",
        "score": 20
      },
      {
        "name": "Netflix",
        "score": 20
      },
      {
        "name": "Paramount+",
        "score": 20
      },
      {
        "name": "Peacock",
        "score": 20
      },
      {
        "name": "Atmos",
        "score": 10
      },
      {
        "name": "Atmos (Missing)",
        "score": 10
      },
      {
        "name": "Hulu",
        "score": 10
      },
      {
        "name": "iTunes",
        "score": 10
      },
      {
        "name": "iTunes (Missing)",
        "score": 10
      },
      {
        "name": "Roku",
        "score": 10
      },
      {
        "name": "Special Edition",
        "score": 10
      },
      {
        "name": "Repack3",
        "score": 8
      },
      {
        "name": "Repack2",
        "score": 7
      },
      {
        "name": "Repack1",
        "score": 6
      },
      {
        "name": "Unknown Lossless Audio",
        "score": 5
      },
      {
        "name": "2160p",
        "score": -9999
      },
      {
        "name": "3D",
        "score": -9999
      },
      {
        "name": "720p",
        "score": -9999
      },
      {
        "name": "AV1",
        "score": -9999
      },
      {
        "name": "B&W",
        "score": -9999
      },
      {
        "name": "Blu-ray",
        "score": -9999
      },
      {
        "name": "Dolby Vision",
        "score": -9999
      },
      {
        "name": "Dolby Vision (Without Fallback)",
        "score": -9999
      },
      {
        "name": "Extras",
        "score": -9999
      },
      {
        "name": "Full Disc",
        "score": -9999
      },
      {
        "name": "Full Disc (Quality Match)",
        "score": -9999
      },
      {
        "name": "h265",
        "score": -9999
      },
      {
        "name": "h265 (Missing)",
        "score": -9999
      },
      {
        "name": "HDR10",
        "score": -9999
      },
      {
        "name": "HDR10 (Missing)",
        "score": -9999
      },
      {
        "name": "HDR10+",
        "score": -9999
      },
      {
        "name": "Non Retail HDR",
        "score": -9999
      },
      {
        "name": "UHDBits",
        "score": -9999
      },
      {
        "name": "Unwanted Remux Groups",
        "score": -9999
      },
      {
        "name": "Upscaled",
        "score": -9999
      },
      {
        "name": "VVC",
        "score": -9999
      },
      {
        "name": "WEBRip",
        "score": -9999
      },
      {
        "name": "x264",
        "score": -9999
      },
      {
        "name": "x265",
        "score": -9999
      }
    ],
    "qualities": [
      {
        "id": 8,
        "name": "Remux-1080p"
      },
      {
        "id": 9,
        "name": "WEBDL-1080p"
      },
      {
        "id": -1,
        "name": "SD",
        "description": "Standard Definition Fallbacks",
        "qualities": [
          {
            "id": 22,
            "name": "DVD"
          },
          {
            "id": 19,
            "name": "WEBDL-480p"
          },
          {
            "id": 20,
            "name": "WEBRip-480p"
          },
          {
            "id": 24,
            "name": "SDTV"
          }
        ]
      }
    ],
    "upgrade_until": {
      "id": 8,
      "name": "Remux-1080p",
      "description": "1080p Blu-ray disc content remuxed into a playable file format"
    },
    "language": "must_original",
    "_id": "1080p Remux"
  },
  {
    "name": "2160p Balanced",
    "description": "2160p Balanced targets consistent & immutable 2160p **HDR WEB-DLs w/ Lossy Audio**. \n- Special considerations are given to **Balanced** groups who prioritize **streaming optimisation** over quality, falling somewhere around a tier 2 WEB-DL. This includes groups like **BHDStudio**, **HONE** and **hallowed**.\n- If no 2160p WEB-DL can be found, the profile will fall back to the 1080p Quality Profile.\n- Transparent 2160p Encodes (\u00e0 la  2160p Quality) are not allowed as fallback since they are comparatively much larger than 2160p WEB-DLs",
    "tags": [
      "2160p",
      "HDR",
      "x264",
      "h265",
      "Lossy Audio",
      "Balanced Focused"
    ],
    "upgradesAllowed": true,
    "minCustomFormatScore": 0,
    "upgradeUntilScore": 600,
    "minScoreIncrement": 1,
    "custom_formats": [
      {
        "name": "2160p",
        "score": 300
      },
      {
        "name": "2160p Balanced Tier 1",
        "score": 250
      },
      {
        "name": "2160p Balanced Tier 2",
        "score": 240
      },
      {
        "name": "Amazon Prime [2160p]",
        "score": 160
      },
      {
        "name": "Disney+ [2160p]",
        "score": 160
      },
      {
        "name": "HBO Max [2160p]",
        "score": 160
      },
      {
        "name": "Movies Anywhere [2160p]",
        "score": 160
      },
      {
        "name": "Apple TV+ [2160p]",
        "score": 150
      },
      {
        "name": "Hulu [2160p]",
        "score": 150
      },
      {
        "name": "iTunes [2160p]",
        "score": 150
      },
      {
        "name": "Max [2160p]",
        "score": 150
      },
      {
        "name": "Netflix [2160p]",
        "score": 150
      },
      {
        "name": "Paramount+ [2160p]",
        "score": 150
      },
      {
        "name": "Peacock [2160p]",
        "score": 150
      },
      {
        "name": "Roku [2160p]",
        "score": 150
      },
      {
        "name": "1080p",
        "score": 60
      },
      {
        "name": "1080p Quality Tier 1",
        "score": 60
      },
      {
        "name": "1080p Quality Tier 2",
        "score": 50
      },
      {
        "name": "Special Edition",
        "score": 50
      },
      {
        "name": "1080p Quality Tier 3",
        "score": 40
      },
      {
        "name": "DVD Remux",
        "score": 40
      },
      {
        "name": "1080p Quality Tier 4",
        "score": 30
      },
      {
        "name": "Amazon Prime [1080p]",
        "score": 30
      },
      {
        "name": "Apple TV+ [1080p]",
        "score": 30
      },
      {
        "name": "Disney+ [1080p]",
        "score": 30
      },
      {
        "name": "Dolby Vision",
        "score": 30
      },
      {
        "name": "Movies Anywhere [1080p]",
        "score": 30
      },
      {
        "name": "SD Quality Tier 1",
        "score": 30
      },
      {
        "name": "1080p Balanced Tier 1",
        "score": 20
      },
      {
        "name": "1080p Quality Tier 5",
        "score": 20
      },
      {
        "name": "HBO Max [1080p]",
        "score": 20
      },
      {
        "name": "HDR10+",
        "score": 20
      },
      {
        "name": "Max [1080p]",
        "score": 20
      },
      {
        "name": "Netflix [1080p]",
        "score": 20
      },
      {
        "name": "SD Quality Tier 2",
        "score": 20
      },
      {
        "name": "DTS-X",
        "score": 15
      },
      {
        "name": "1080p Balanced Tier 2",
        "score": 10
      },
      {
        "name": "Blu-ray",
        "score": 10
      },
      {
        "name": "HDR10",
        "score": 10
      },
      {
        "name": "HDR10 (Missing)",
        "score": 10
      },
      {
        "name": "Hulu [1080p]",
        "score": 10
      },
      {
        "name": "iTunes [1080p]",
        "score": 10
      },
      {
        "name": "Paramount+ [1080p]",
        "score": 10
      },
      {
        "name": "Peacock [1080p]",
        "score": 10
      },
      {
        "name": "Roku [1080p]",
        "score": 10
      },
      {
        "name": "TrueHD",
        "score": 10
      },
      {
        "name": "TrueHD (Missing)",
        "score": 10
      },
      {
        "name": "WEBRip",
        "score": 10
      },
      {
        "name": "x264",
        "score": 10
      },
      {
        "name": "Repack3",
        "score": 8
      },
      {
        "name": "Repack2",
        "score": 7
      },
      {
        "name": "Repack1",
        "score": 6
      },
      {
        "name": "Atmos",
        "score": 5
      },
      {
        "name": "Atmos (Missing)",
        "score": 5
      },
      {
        "name": "DTS-HD MA",
        "score": 5
      },
      {
        "name": "FLAC",
        "score": 5
      },
      {
        "name": "Unknown Lossless Audio",
        "score": 5
      },
      {
        "name": "Amazon Prime",
        "score": 0
      },
      {
        "name": "Apple TV+",
        "score": 0
      },
      {
        "name": "Criterion Channel",
        "score": 0
      },
      {
        "name": "Disney+",
        "score": 0
      },
      {
        "name": "HBO Max",
        "score": 0
      },
      {
        "name": "Hulu",
        "score": 0
      },
      {
        "name": "iTunes",
        "score": 0
      },
      {
        "name": "Max",
        "score": 0
      },
      {
        "name": "Movies Anywhere",
        "score": 0
      },
      {
        "name": "Netflix",
        "score": 0
      },
      {
        "name": "Paramount+",
        "score": 0
      },
      {
        "name": "Peacock",
        "score": 0
      },
      {
        "name": "Roku",
        "score": 0
      },
      {
        "name": "SDR",
        "score": -80
      },
      {
        "name": "2160p Blu-ray Encode",
        "score": -9999
      },
      {
        "name": "3D",
        "score": -9999
      },
      {
        "name": "720p",
        "score": -9999
      },
      {
        "name": "AV1",
        "score": -9999
      },
      {
        "name": "B&W",
        "score": -9999
      },
      {
        "name": "Blu-ray Remux",
        "score": -9999
      },
      {
        "name": "Dolby Vision (Without Fallback)",
        "score": -9999
      },
      {
        "name": "Extras",
        "score": -9999
      },
      {
        "name": "Full Disc",
        "score": -9999
      },
      {
        "name": "Full Disc (Quality Match)",
        "score": -9999
      },
      {
        "name": "h265",
        "score": -9999
      },
      {
        "name": "h265 (Missing)",
        "score": -9999
      },
      {
        "name": "HDR10 (Missing) (1080p)",
        "score": -9999
      },
      {
        "name": "Lossless Audio (1080p)",
        "score": -9999
      },
      {
        "name": "Non Retail HDR",
        "score": -9999
      },
      {
        "name": "Remux",
        "score": -9999
      },
      {
        "name": "SD Bluray Encodes",
        "score": -9999
      },
      {
        "name": "UHDBits",
        "score": -9999
      },
      {
        "name": "Unwanted x265 Groups",
        "score": -9999
      },
      {
        "name": "Upscaled",
        "score": -9999
      },
      {
        "name": "VVC",
        "score": -9999
      },
      {
        "name": "x264 (2160p)",
        "score": -9999
      },
      {
        "name": "x265",
        "score": -9999
      },
      {
        "name": "x265 (1080p)",
        "score": -9999
      },
      {
        "name": "x265 (Missing 2160p)",
        "score": -9999
      },
      {
        "name": "x265 (Missing)",
        "score": -9999
      }
    ],
    "qualities": [
      {
        "id": 5,
        "name": "WEBDL-2160p"
      },
      {
        "id": -3,
        "name": "1080p Transparent",
        "description": "Indistinguishable from source",
        "qualities": [
          {
            "id": 10,
            "name": "Bluray-1080p"
          },
          {
            "id": 11,
            "name": "WEBRip-1080p"
          },
          {
            "id": 9,
            "name": "WEBDL-1080p"
          }
        ]
      },
      {
        "id": -1,
        "name": "SD",
        "description": "Standard Definition Fallbacks",
        "qualities": [
          {
            "id": 22,
            "name": "DVD"
          },
          {
            "id": 19,
            "name": "WEBDL-480p"
          },
          {
            "id": 20,
            "name": "WEBRip-480p"
          },
          {
            "id": 24,
            "name": "SDTV"
          }
        ]
      }
    ],
    "upgrade_until": {
      "id": 5,
      "name": "WEBDL-2160p",
      "description": "4K web download, untouched as released by the streaming service"
    },
    "language": "must_original",
    "_id": "2160p Balanced"
  },
  {
    "name": "2160p Quality",
    "description": "2160p Quality utilizes the [**Encode Efficiency Index**](https://dictionarry.dev/wiki/EEi) metric at a 55% target ratio to prioritize **transparent** x265 4k encodes. \n\n- 4 quality tiers prioritize encodes from reputable groups, with fallback to high-quality WEB-DLs and balanced tier groups. 2 additional quality tiers are placed below for further fallback. \n- Special considerations for both **HDR** and **Lossless Audio** formats help to push lower tiered encodes over higher tier ones in cases where better sources are used.\n- If no 2160p release can be found, the profile will fall back to the 1080p Quality Profile. ",
    "tags": [
      "2160p",
      "HDR",
      "x265",
      "Encode",
      "Lossless Audio",
      "Quality Focused"
    ],
    "upgradesAllowed": true,
    "minCustomFormatScore": 0,
    "upgradeUntilScore": 600,
    "minScoreIncrement": 1,
    "custom_formats": [
      {
        "name": "2160p Quality Tier 1",
        "score": 370
      },
      {
        "name": "2160p Quality Tier 2",
        "score": 360
      },
      {
        "name": "2160p Quality Tier 3",
        "score": 350
      },
      {
        "name": "2160p Quality Tier 4",
        "score": 340
      },
      {
        "name": "2160p",
        "score": 300
      },
      {
        "name": "2160p Balanced Tier 1",
        "score": 300
      },
      {
        "name": "2160p Balanced Tier 2",
        "score": 290
      },
      {
        "name": "2160p Quality Tier 5",
        "score": 240
      },
      {
        "name": "2160p Quality Tier 6",
        "score": 230
      },
      {
        "name": "Amazon Prime [2160p]",
        "score": 160
      },
      {
        "name": "Disney+ [2160p]",
        "score": 160
      },
      {
        "name": "HBO Max [2160p]",
        "score": 160
      },
      {
        "name": "Movies Anywhere [2160p]",
        "score": 160
      },
      {
        "name": "Apple TV+ [2160p]",
        "score": 150
      },
      {
        "name": "Hulu [2160p]",
        "score": 150
      },
      {
        "name": "iTunes [2160p]",
        "score": 150
      },
      {
        "name": "Max [2160p]",
        "score": 150
      },
      {
        "name": "Netflix [2160p]",
        "score": 150
      },
      {
        "name": "Paramount+ [2160p]",
        "score": 150
      },
      {
        "name": "Peacock [2160p]",
        "score": 150
      },
      {
        "name": "Roku [2160p]",
        "score": 150
      },
      {
        "name": "1080p",
        "score": 60
      },
      {
        "name": "1080p Quality Tier 1",
        "score": 60
      },
      {
        "name": "1080p Quality Tier 2",
        "score": 50
      },
      {
        "name": "Special Edition",
        "score": 50
      },
      {
        "name": "1080p Quality Tier 3",
        "score": 40
      },
      {
        "name": "DVD Remux",
        "score": 40
      },
      {
        "name": "1080p Quality Tier 4",
        "score": 30
      },
      {
        "name": "Amazon Prime [1080p]",
        "score": 30
      },
      {
        "name": "Apple TV+ [1080p]",
        "score": 30
      },
      {
        "name": "Disney+ [1080p]",
        "score": 30
      },
      {
        "name": "Dolby Vision",
        "score": 30
      },
      {
        "name": "Movies Anywhere [1080p]",
        "score": 30
      },
      {
        "name": "SD Quality Tier 1",
        "score": 30
      },
      {
        "name": "1080p Balanced Tier 1",
        "score": 20
      },
      {
        "name": "1080p Quality Tier 5",
        "score": 20
      },
      {
        "name": "HBO Max [1080p]",
        "score": 20
      },
      {
        "name": "HDR10+",
        "score": 20
      },
      {
        "name": "Max [1080p]",
        "score": 20
      },
      {
        "name": "Netflix [1080p]",
        "score": 20
      },
      {
        "name": "SD Quality Tier 2",
        "score": 20
      },
      {
        "name": "DTS-X",
        "score": 15
      },
      {
        "name": "1080p Balanced Tier 2",
        "score": 10
      },
      {
        "name": "Blu-ray",
        "score": 10
      },
      {
        "name": "HDR10",
        "score": 10
      },
      {
        "name": "HDR10 (Missing)",
        "score": 10
      },
      {
        "name": "Hulu [1080p]",
        "score": 10
      },
      {
        "name": "iTunes [1080p]",
        "score": 10
      },
      {
        "name": "Paramount+ [1080p]",
        "score": 10
      },
      {
        "name": "Peacock [1080p]",
        "score": 10
      },
      {
        "name": "Roku [1080p]",
        "score": 10
      },
      {
        "name": "TrueHD",
        "score": 10
      },
      {
        "name": "TrueHD (Missing)",
        "score": 10
      },
      {
        "name": "WEBRip",
        "score": 10
      },
      {
        "name": "x264",
        "score": 10
      },
      {
        "name": "Repack3",
        "score": 8
      },
      {
        "name": "Repack2",
        "score": 7
      },
      {
        "name": "Repack1",
        "score": 6
      },
      {
        "name": "Atmos",
        "score": 5
      },
      {
        "name": "Atmos (Missing)",
        "score": 5
      },
      {
        "name": "DTS-HD MA",
        "score": 5
      },
      {
        "name": "FLAC",
        "score": 5
      },
      {
        "name": "Unknown Lossless Audio",
        "score": 5
      },
      {
        "name": "Amazon Prime",
        "score": 0
      },
      {
        "name": "Apple TV+",
        "score": 0
      },
      {
        "name": "Criterion Channel",
        "score": 0
      },
      {
        "name": "Disney+",
        "score": 0
      },
      {
        "name": "HBO Max",
        "score": 0
      },
      {
        "name": "Hulu",
        "score": 0
      },
      {
        "name": "iTunes",
        "score": 0
      },
      {
        "name": "Max",
        "score": 0
      },
      {
        "name": "Movies Anywhere",
        "score": 0
      },
      {
        "name": "Netflix",
        "score": 0
      },
      {
        "name": "Paramount+",
        "score": 0
      },
      {
        "name": "Peacock",
        "score": 0
      },
      {
        "name": "Roku",
        "score": 0
      },
      {
        "name": "SDR",
        "score": -80
      },
      {
        "name": "x265",
        "score": -150
      },
      {
        "name": "x265 (Missing 2160p)",
        "score": -150
      },
      {
        "name": "3D",
        "score": -9999
      },
      {
        "name": "720p",
        "score": -9999
      },
      {
        "name": "AV1",
        "score": -9999
      },
      {
        "name": "B&W",
        "score": -9999
      },
      {
        "name": "Blu-ray Remux",
        "score": -9999
      },
      {
        "name": "Dolby Vision (Without Fallback)",
        "score": -9999
      },
      {
        "name": "Extras",
        "score": -9999
      },
      {
        "name": "Full Disc",
        "score": -9999
      },
      {
        "name": "Full Disc (Quality Match)",
        "score": -9999
      },
      {
        "name": "h265",
        "score": -9999
      },
      {
        "name": "h265 (Missing)",
        "score": -9999
      },
      {
        "name": "HDR10 (Missing) (1080p)",
        "score": -9999
      },
      {
        "name": "Lossless Audio (1080p)",
        "score": -9999
      },
      {
        "name": "Non Retail HDR",
        "score": -9999
      },
      {
        "name": "Remux",
        "score": -9999
      },
      {
        "name": "SD Bluray Encodes",
        "score": -9999
      },
      {
        "name": "UHDBits",
        "score": -9999
      },
      {
        "name": "Unwanted x265 Groups",
        "score": -9999
      },
      {
        "name": "Upscaled",
        "score": -9999
      },
      {
        "name": "VVC",
        "score": -9999
      },
      {
        "name": "x264 (2160p)",
        "score": -9999
      },
      {
        "name": "x265 (1080p)",
        "score": -9999
      },
      {
        "name": "x265 (Missing)",
        "score": -9999
      }
    ],
    "qualities": [
      {
        "id": -2,
        "name": "2160p Transparent",
        "description": "Indistinguishable from source",
        "qualities": [
          {
            "id": 5,
            "name": "WEBDL-2160p"
          },
          {
            "id": 4,
            "name": "Bluray-2160p"
          }
        ]
      },
      {
        "id": -3,
        "name": "1080p Transparent",
        "description": "Indistinguishable from source",
        "qualities": [
          {
            "id": 10,
            "name": "Bluray-1080p"
          },
          {
            "id": 11,
            "name": "WEBRip-1080p"
          },
          {
            "id": 9,
            "name": "WEBDL-1080p"
          }
        ]
      },
      {
        "id": -1,
        "name": "SD",
        "description": "Standard Definition Fallbacks",
        "qualities": [
          {
            "id": 22,
            "name": "DVD"
          },
          {
            "id": 19,
            "name": "WEBDL-480p"
          },
          {
            "id": 20,
            "name": "WEBRip-480p"
          },
          {
            "id": 24,
            "name": "SDTV"
          }
        ]
      }
    ],
    "upgrade_until": {
      "id": -2,
      "name": "2160p Transparent",
      "description": "Indistinguishable from source"
    },
    "language": "must_original",
    "_id": "2160p Quality"
  },
  {
    "name": "2160p Remux",
    "description": "2160p Remux utilizes **audio / video tags** to prioritise high quality lossless copies of UHD Blu-rays.\n\n- Unlike the encode profiles, which target releases based on a release group metric, 2160p Remux avoids this to stop *circular downloads* where no discernable upgrade is found. \n- Instead, audio / video metrics such Dolby Vision, TrueHD, Atmos, HDR10+, etc are used to indicate when a remux should be upgraded.\n- For instance, if a hybrid remux that includes some WEB DoVi layer is released, it will be upgraded over the standard non hybrid release, regardless of release group.\n- This also helps to grab non group tagged remuxes, which are fairly common on quite a few trackers who often have the best remux available. \n- If no 2160p Remux cannot be found, the profile falls back to **2160p WEB-DLs**.\n- If a 2160p WEB-DL cannot be found, the profile falls back to the **1080p Remux** profile. ",
    "tags": [
      "2160p",
      "Remux",
      "HDR",
      "Lossless Audio",
      "h265"
    ],
    "upgradesAllowed": true,
    "minCustomFormatScore": 0,
    "upgradeUntilScore": 350,
    "minScoreIncrement": 1,
    "custom_formats": [
      {
        "name": "2160p",
        "score": 120
      },
      {
        "name": "1080p",
        "score": 60
      },
      {
        "name": "Blu-ray Remux",
        "score": 60
      },
      {
        "name": "DTS-X",
        "score": 60
      },
      {
        "name": "Remux",
        "score": 60
      },
      {
        "name": "DTS-HD MA",
        "score": 50
      },
      {
        "name": "Special Edition",
        "score": 50
      },
      {
        "name": "TrueHD",
        "score": 50
      },
      {
        "name": "TrueHD (Missing)",
        "score": 50
      },
      {
        "name": "DVD Remux",
        "score": 40
      },
      {
        "name": "Amazon Prime",
        "score": 30
      },
      {
        "name": "Apple TV+",
        "score": 30
      },
      {
        "name": "Disney+",
        "score": 30
      },
      {
        "name": "Dolby Vision",
        "score": 30
      },
      {
        "name": "FLAC",
        "score": 30
      },
      {
        "name": "Movies Anywhere",
        "score": 30
      },
      {
        "name": "Criterion Channel",
        "score": 20
      },
      {
        "name": "HBO Max",
        "score": 20
      },
      {
        "name": "HDR10+",
        "score": 20
      },
      {
        "name": "Max",
        "score": 20
      },
      {
        "name": "Netflix",
        "score": 20
      },
      {
        "name": "Paramount+",
        "score": 20
      },
      {
        "name": "Peacock",
        "score": 20
      },
      {
        "name": "Atmos",
        "score": 10
      },
      {
        "name": "Atmos (Missing)",
        "score": 10
      },
      {
        "name": "HDR10",
        "score": 10
      },
      {
        "name": "HDR10 (Missing)",
        "score": 10
      },
      {
        "name": "Hulu",
        "score": 10
      },
      {
        "name": "iTunes",
        "score": 10
      },
      {
        "name": "iTunes (Missing)",
        "score": 10
      },
      {
        "name": "Roku",
        "score": 10
      },
      {
        "name": "Repack3",
        "score": 8
      },
      {
        "name": "Repack2",
        "score": 7
      },
      {
        "name": "Repack1",
        "score": 6
      },
      {
        "name": "Unknown Lossless Audio",
        "score": 5
      },
      {
        "name": "3D",
        "score": -9999
      },
      {
        "name": "720p",
        "score": -9999
      },
      {
        "name": "AV1",
        "score": -9999
      },
      {
        "name": "B&W",
        "score": -9999
      },
      {
        "name": "Blu-ray",
        "score": -9999
      },
      {
        "name": "Dolby Vision (Without Fallback)",
        "score": -9999
      },
      {
        "name": "Extras",
        "score": -9999
      },
      {
        "name": "Full Disc",
        "score": -9999
      },
      {
        "name": "Full Disc (Quality Match)",
        "score": -9999
      },
      {
        "name": "h265",
        "score": -9999
      },
      {
        "name": "h265 (Missing)",
        "score": -9999
      },
      {
        "name": "Non Retail HDR",
        "score": -9999
      },
      {
        "name": "UHDBits",
        "score": -9999
      },
      {
        "name": "Unwanted Remux Groups",
        "score": -9999
      },
      {
        "name": "Upscaled",
        "score": -9999
      },
      {
        "name": "VVC",
        "score": -9999
      },
      {
        "name": "WEBRip",
        "score": -9999
      },
      {
        "name": "x264",
        "score": -9999
      },
      {
        "name": "x265",
        "score": -9999
      }
    ],
    "qualities": [
      {
        "id": 3,
        "name": "Remux-2160p"
      },
      {
        "id": 5,
        "name": "WEBDL-2160p"
      },
      {
        "id": 8,
        "name": "Remux-1080p"
      },
      {
        "id": 9,
        "name": "WEBDL-1080p"
      },
      {
        "id": -1,
        "name": "SD",
        "description": "Standard Definition Fallbacks",
        "qualities": [
          {
            "id": 22,
            "name": "DVD"
          },
          {
            "id": 19,
            "name": "WEBDL-480p"
          },
          {
            "id": 20,
            "name": "WEBRip-480p"
          },
          {
            "id": 24,
            "name": "SDTV"
          }
        ]
      }
    ],
    "upgrade_until": {
      "id": 3,
      "name": "Remux-2160p",
      "description": "4K Ultra HD Blu-ray disc content remuxed into a playable file format"
    },
    "language": "must_original",
    "_id": "2160p Remux"
  }
]